artist,track,mood_tags
Yeah Yeah Yeahs,Heads Will Roll,Dance
Matoma,Old Thing Back (feat. Ja Rule and Ralph Tresvant),Dance
Justice,One Night/All Night,Dance
Martin Solveig,Hello,Dance
Elvis Presley,A Little Less Conversation - JXL Radio Edit Remix,Dance
Metric,Help I'm Alive,Dance
Metric,Breathing Underwater,Dance
Le Tigre,Deceptacon,Dance
MUZZ,...Ready For It?,Dance
Eminem,Shake That,Dance
Wiz Khalifa,The Thrill (feat. Empire Of The Sun),"Dance,Happy,Sunny"
Empire Of The Sun,High And Low,"Dance,Happy,Sunny"
Empire Of The Sun,Walking On A Dream,Dance
Calvin Harris,Slide (feat. Frank Ocean & Migos),Dance
Drake,Massive,"Dance,Dark,Moody"
La Roux,Bulletproof,Dance
La Roux,In For The Kill,Dance
Maduk,Ghost Assassin - Original Mix,Dance
M.I.A.,Paper Planes,Dance
Icona Pop,Then We Kiss,"Dance,Happy,Sunny"
The Chemical Brothers,Setting Sun,"Dance,Heavy Bass,Hype"
Troye Sivan,Got Me Started,Dance
Tame Impala,Mind Mischief - Live,Dance
Basement Jaxx,Where's Your Head At,Dance
Juicy J,Neighbor (feat. Travis Scott),Dance
David Guetta,Titanium (feat. Sia),Dance
Eric Prydz,Call on Me - Radio Mix,Dance
Metric,Monster Hospital,Dance
Anderson .Paak,Come Down,Dance
Chrystal,The Days - NOTION Remix,"Dance,Dark,Moody"
Machine Girl,Ghost,"Dance,Heavy Bass,Hype"
Childish Gambino,Got To Be,Dance
Fred again..,leavemealone,"Dance,Dark,Moody"
Magdalena Bay,Image,Dance
Oliver Tree,Miss You - Bonus Track,Dance
Fox Stevenson,All Eyes On Me,"Dance,Happy,Sunny"
Tegan and Sara,Closer,"Dance,Happy,Sunny"
Nicki Minaj,Starships,"Dance,Happy,Sunny"
Charli xcx,party 4 u,"Dance,Happy,Sunny"
Fred again..,Victory Lap,Dance
Calvin Harris,"Feels (feat. Pharrell Williams, Katy Perry & Big Sean)","Dance,Happy,Sunny"
BIA,WE ON GO,"Dance,Heavy Bass,Hype"
Gucci Mane,15th and the 1st (feat. YG Hootie),Dance
HAVEN.,I Run,Dance
F.L.Y. (Fast Life Yungstaz),Swag Surfin',Dance
N.E.R.D,Everyone Nose (All The Girls Standing In The Line For The Bathroom) - Album Version (Edited),Dance
Disco Lines,No Broke Boys,Dance
Katy Perry,Peacock,Dance
Kesha,Sleazy,Dance
Confidence Man,Holiday,Dance
Disclosure,My High,"Dance,Heavy Bass,Hype"
Zedd,Stay The Night - Featuring Hayley Williams Of Paramore,Dance
Icona Pop,Dance To This,Dance
The Chainsmokers,Something Just Like This,Dance
BEAUMONT,Conceited - What The Fuck,Dance
Kendrick Lamar,King Kunta,"Heavy Bass,Hype"
Turnstile,BLACKOUT,"Heavy Bass,Hype"
XXXTENTACION,One Minute (feat. Kanye West & Travis Barker),"Heavy Bass,Hype"
Linkin Park,Fighting Myself,"Heavy Bass,Hype"
Swedish House Mafia,Moth To A Flame (with The Weeknd),"Heavy Bass,Hype"
Kasabian,Club Foot,"Heavy Bass,Hype"
DJ Snake,Something Wrong (with Don Toliver),"Heavy Bass,Hype"
Chase & Status,"Baddadan (feat. IRAH, Flowdan, Trigga & Takura)","Heavy Bass,Hype"
Yeah Yeah Yeahs,Heads Will Roll - A-Trak Remix,"Heavy Bass,Hype"
$uicideboy$,Us Vs. Them,"Heavy Bass,Hype"
Freddie Dredd,In My Blood,"Dance,Heavy Bass"
Death Grips,Get Got,"Heavy Bass,Hype"
JPEGMAFIA,Kingdom Hearts Key (ft. redveil),"Heavy Bass,Hype"
Bring Me The Horizon,Death Breath,"Heavy Bass,Hype"
femtanyl,M3 N MIN3,"Dark,Heavy Bass,Hype,Moody"
Ho99o9,Street Power,"Heavy Bass,Hype"
Denzel Curry,SUMO | ZUMO,"Heavy Bass,Hype"
Dance Gavin Dance,Death of a Strawberry,"Heavy Bass,Hype"
Kansh,Don't Blame Me,"Heavy Bass,Hype"
Kendrick Lamar,tv off (feat. lefty gunplay),"Heavy Bass,Hype"
Kings of Leon,Four Kicks,"Heavy Bass,Hype"
Yeah Yeah Yeahs,Heads Will Roll - A-Trak Remix Radio Edit,"Heavy Bass,Hype"
The Chemical Brothers,Setting Sun - Radio Edit,"Heavy Bass,Hype"
Baby Keem,family ties (with Kendrick Lamar),"Heavy Bass,Hype"
Injury Reserve,Jailbreak the Tesla (Feat. Aminé),"Heavy Bass,Hype"
The Prodigy,Breathe,"Heavy Bass,Hype"
Vince Staples,Yeah Right,"Heavy Bass,Hype"
Justice,Genesis,"Heavy Bass,Hype"
Pendulum,Slam,"Heavy Bass,Hype"
Massive Attack,Angel,"Heavy Bass,Hype"
TNGHT,Higher Ground,"Heavy Bass,Hype"
Gesaffelstein,Pursuit,"Heavy Bass,Hype"
KAYTRANADA,10% (feat. Kali Uchis),"Happy,Heavy Bass,Hype,Sunny"
KAYTRANADA,GLOWED UP,"Heavy Bass,Hype"
Nappy Roots,Ballin' on a Budget - Tight Vocal up Version,"Heavy Bass,Hype"
Gucci Mane,Swing My Door,"Heavy Bass,Hype"
DJ ReDo,"Beamer, Benz, or Bentley - Lloyd Banks feat. Juelz Santana (Beamer Benz or Bently)(Instrumental)","Heavy Bass,Hype"
Chris Brown,Look At Me Now (feat. Lil' Wayne & Busta Rhymes),"Heavy Bass,Hype"
Dead Prez,Hip-Hop,"Heavy Bass,Hype"
Jeezy,Put On,"Heavy Bass,Hype"
JID,Dance Now (feat. Kenny Mason),"Heavy Bass,Hype"
Slowboy,ASTRO - Slowed Opium Remix,"Heavy Bass,Hype"
Lil Baby,Let's Do It (feat. Playboi Carti & Skooly),"Heavy Bass,Hype"
21st Century,Remember The Rain,Heartbreak
Keith Whitley,I'm Over You,Heartbreak
The Walters,I Love You So,Heartbreak
Jimmy Cliff,Wild World,Heartbreak
Darondo,Didn't I,Heartbreak
Kid Rock,Picture (feat. Sheryl Crow),Heartbreak
Conner O'Kane,Fragile,Heartbreak
The 1975,Somebody Else,Heartbreak
The Drums,Days,Heartbreak
Hayley Williams,Parachute,Heartbreak
"Tyler, The Creator","GONE, GONE / THANK YOU",Heartbreak
Etta James,I'd Rather Go Blind,Heartbreak
Tame Impala,List Of People (To Try And Forget About),"Dark,Heartbreak,Moody,Sad"
Durand Jones & The Indications,Too Many Tears,Heartbreak
Perfume Genius,Hood,"Heartbreak,Sad"
Mitski,First Love/Late Spring,"Heartbreak,Sad"
Mitski,Francis Forever,Heartbreak
Snail Mail,Pristine,"Heartbreak,Sad"
Mac Miller,Objects in the Mirror,"Heartbreak,Sad"
BADBADNOTGOOD,Time Moves Slow,Heartbreak
Eminem,Love Game,Heartbreak
Kendrick Lamar,Alien Girl (Today W/ Her),"Dark,Moody"
Drake,Texts Go Green,"Dark,Moody"
Drake,Passionfruit,"Dark,Moody"
A$AP Rocky,LVL,"Dark,Moody"
Kanye West,Hold My Liquor,"Dark,Moody"
Mr.Kitty,After Dark,"Dark,Moody"
Lorde,Ribs,"Dark,Moody"
Joji,YEAH RIGHT,"Dark,Moody"
Danny Brown,Grown Up,"Dark,Moody"
Kendrick Lamar,PRIDE.,"Dark,Moody"
Kendrick Lamar,GOD.,"Dark,Moody"
deadmau5,I Remember - Vocal Mix,"Dark,Moody"
Outkast,Da Art of Storytellin' (Pt. 1),"Dark,Moody"
Beach House,Space Song,"Dark,Moody"
quannnic,life imitates life,"Dark,Moody"
$uicideboy$,Drugs/Hoes/Money/Etc.,"Dark,Moody"
Xavier Wulf,Smoke,"Dark,Moody"
Max Fry,zombie,"Dark,Moody"
Three 6 Mafia,Late Night Tip,"Dark,Moody"
$uicideboy$,Matte Black,"Dark,Moody"
Kanye West,FML,"Dark,Moody"
Kendrick Lamar,Poe Mans Dreams (His Vice) (feat. GLC),"Dark,Moody"
Billie Eilish,CHIHIRO,"Dark,Moody"
PinkPantheress,Pain,"Dark,Moody"
Frank Ocean,Pink + White,"Dark,Moody"
Gorillaz,Empire Ants (feat. Little Dragon),"Dark,Moody"
Amira Elfeky,Tonight (demo),"Dark,Moody"
flyingfish,lunar eclipse,"Dark,Moody"
KJUNTO,Wasted,"Dark,Moody"
Tame Impala,Powerlines,"Dark,Moody"
070 Shake,Guilty Conscience - Tame Impala Remix Extended,"Dark,Moody"
Deftones,Sextape,"Dark,Moody"
"Tyler, The Creator",She,"Dark,Moody"
Danny Brown,25 Bucks (feat. Purity Ring),"Dark,Moody"
Jorja Smith,On My Mind (Jorja Smith X Preditah),"Dark,Moody"
Joey Bada$$,Waves,"Dark,Moody"
Joey Bada$$,Show Me,"Dark,Moody"
Westside Gunn,"327 (feat. Tyler, The Creator & Billie Essco)","Dark,Moody"
The xx,Intro,"Dark,Moody"
A$AP Rocky,HIGHJACK,"Dark,Moody"
The Pharcyde,Runnin',"Dark,Moody"
Nappy Roots,No Static (feat. Greg Nice),"Dark,Moody"
TOKiMONSTA,Realla,"Dark,Moody"
piri,on & on,"Dark,Moody"
Mac Miller,Fight the Feeling (feat. Kendrick Lamar & Iman Omari),"Dark,Moody"
Mac Miller,1 Threw 8,"Dark,Moody"
ScHoolboy Q,Hell Of A Night,"Dark,Moody"
Joey Bada$$,Shine,"Dark,Moody"
21 Savage,Rich Nigga Shit (feat. Young Thug),"Dark,Moody"
Ark Patrol,Let Go,"Dark,Moody"
Novulent,scars,"Dark,Moody"
Deftones,Cherry Waves,"Dark,Moody"
Trippie Redd,Taking A Walk,"Dark,Moody"
Ark Patrol,Sinner,"Dark,Moody"
Harry Styles,American Girls,"Dark,Moody"
Chromatics,Shadow,"Dark,Moody,Sad"
Phantogram,When I'm Small,"Dark,Moody"
SOHN,Ransom Notes,"Dark,Moody"
Kid Cudi,DROWN,"Dark,Moody"
Ab-Soul,Terrorist Threats (feat. Danny Brown & Jhene Aiko),"Dark,Moody"
4batz,act iii: on god? (she like),"Dark,Moody"
Drake,With You,"Dark,Moody"
Men I Trust,Tailwhip,"Dark,Moody"
Modest Mouse,Float On,"Happy,Sunny"
Frank Ocean,Lost,"Happy,Sunny"
The Beach Boys,Wouldn't It Be Nice - Remastered 1999,"Happy,Sunny"
boygenius,Not Strong Enough,"Happy,Sunny"
PinkPantheress,Boy's a liar Pt. 2,"Happy,Sunny"
Lana Del Rey,Doin' Time,"Happy,Sunny"
Childish Gambino,Feels Like Summer,"Happy,Sunny"
"Tyler, The Creator",I THINK,"Happy,Love,Sunny"
Hippo Campus,Suicide Saturday,"Happy,Sunny"
The Strokes,What Ever Happened?,"Happy,Sunny"
Magdalena Bay,Dreamcatching,"Happy,Sunny"
DJ Khaled,Just Us (feat. SZA),"Happy,Sunny"
Underoath,Reinventing Your Exit,"Happy,Sunny"
The Game,Hate It Or Love It,"Happy,Sunny"
AWOLNATION,Flagpole Sitta (feat. Elohim),"Happy,Sunny"
Mac Miller,Love Lost,"Happy,Love,Sunny"
Tame Impala,No Choice,"Happy,Sunny"
Cafuné,Tek It,"Happy,Sunny"
Metro Boomin,Feel The Fiyaaaah (with A$AP Rocky & feat. Takeoff),"Happy,Sunny"
Nicki Minaj,Seeing Green (with Drake & Lil Wayne),"Happy,Sunny"
The Strokes,Machu Picchu,"Happy,Sunny"
Lil Yachty,running out of time,"Happy,Sunny"
Cage The Elephant,Trouble,"Happy,Sunny"
Wallows,Pleaser,"Happy,Sunny"
Beck,Girl,"Happy,Love,Sunny"
of Montreal,Wraith Pinned to the Mist and Other Games,"Happy,Sunny"
The All Seeing I,Beat Goes On,"Happy,Sunny"
JAŸ-Z,Run This Town,"Happy,Sunny"
Unknown Mortal Orchestra,Like Acid Rain,"Happy,Sunny"
Rihanna,Consideration,"Happy,Sunny"
Twenty One Pilots,Semi-Automatic,"Happy,Sunny"
Gorillaz,Humility (feat. George Benson),"Happy,Sunny"
blink-182,Feeling This,"Happy,Sunny"
Childish Gambino,Lights Turned On,"Happy,Sunny"
The 1975,Chocolate,"Happy,Sunny"
Foster The People,Miss You,"Happy,Love,Sunny"
Saint Motel,Sweet Talk,"Happy,Love,Sunny"
Saint Motel,Cold Cold Man,"Happy,Sunny"
Mother Mother,Problems,"Happy,Sunny"
Glass Animals,Pools,"Happy,Sunny"
Gorillaz,Severed Head (feat. Goldlink and Unknown Mortal Orchestra),"Happy,Sunny"
Kanye West,Paranoid,"Happy,Sunny"
Miley Cyrus,Heart Of Glass (Live from the iHeart Festival),"Happy,Sunny"
Future,Life Is Good (feat. Drake),"Happy,Sunny"
Oliver Tree,Again & Again,"Happy,Sunny"
Gorillaz,Désolé (feat. Fatoumata Diawara) - Extended Version,"Happy,Sunny"
The Temper Trap,Sweet Disposition,"Happy,Sunny"
Gorillaz,Stylo (feat. Mos Def and Bobby Womack),"Happy,Sunny"
Gorillaz,On Melancholy Hill,"Happy,Love,Sunny"
Broken Bells,Good Luck,"Happy,Sunny"
Kendrick Lamar,For Sale? - Interlude,"Happy,Sunny"
GROUPLOVE,Deadline,"Happy,Sunny"
JAŸ-Z,Lift Off,"Happy,Sunny"
Cage The Elephant,Mess Around,"Happy,Sunny"
The Black Keys,Lonely Boy,"Happy,Sunny"
A$AP Rocky,"Lost and Found Freestyle 2019 (with Tyler, The Creator & Nigo)","Happy,Sunny"
Broken Bells,After the Disco,"Happy,Sunny"
Bell Biv DeVoe,Poison,"Happy,Sunny"
Empire Of The Sun,Standing On The Shore,"Happy,Sunny"
Wallows,Sun Tan,"Happy,Sunny"
Calvin Harris,New Money (with 21 Savage),"Happy,Sunny"
AWOLNATION,Not Your Fault,"Happy,Sunny"
Kendrick Lamar,Die Hard,"Happy,Sunny"
The Voidz,Leave It In My Dreams,"Happy,Sunny"
Beck,E-Pro,"Happy,Sunny"
The Black Keys,Everlasting Light,"Happy,Sunny"
boygenius,$20,"Happy,Sunny"
Cage The Elephant,In One Ear,"Happy,Sunny"
Coldplay,Clocks,"Happy,Sunny"
The Distillers,Beat Your Heart Out,"Happy,Love,Sunny"
DRAM,Broccoli,"Happy,Sunny"
Empire Of The Sun,Way To Go,"Happy,Sunny"
Escape the Fate,Not Good Enough For Truth In Cliché,"Happy,Sunny"
Florence + The Machine,Dog Days Are Over,"Happy,Sunny"
Che,frank ocean,"Happy,Sunny"
Frank Ocean,Swim Good,"Happy,Sunny"
Gorillaz,5/4,"Happy,Sunny"
Gorillaz,19-2000 - Soulchild Remix,"Happy,Sunny"
Jaden,Summertime In Paris,"Happy,Love,Sunny"
Kings of Leon,Supersoaker,"Happy,Sunny"
Kings of Leon,Waste A Moment,"Happy,Sunny"
Lil Wayne,Sorry 4 The Wait,"Happy,Sunny"
Muse,Plug in Baby,"Happy,Sunny"
Outkast,B.O.B. - Bombs Over Baghdad,"Happy,Sunny"
Paramore,The News,"Happy,Sunny"
The Strokes,You Only Live Once,"Happy,Sunny"
Tame Impala,Be Above It - Live,"Happy,Sunny"
Teezo Touchdown,Social Cues,"Happy,Sunny"
Toadies,Possum Kingdom,"Happy,Sunny"
Weezer,"Can’t Dance, Don’t Ask Me","Happy,Sunny"
WILLOW,t r a n s p a r e n t s o u l feat. Travis Barker,"Happy,Sunny"
The 1975,The Sound,"Happy,Sunny"
Magdalena Bay,You Lose!,"Happy,Sunny"
Jungle,Back On 74,"Happy,Sunny"
"Tyler, The Creator",IGOR'S THEME,"Happy,Sunny"
GROUPLOVE,Deleter,"Happy,Sunny"
Frank Ocean,Pyramids,"Happy,Sunny"
Milky Chance,Passion,"Happy,Sunny"
Lorde,Solar Power,"Happy,Sunny"
Baby Keem,Dramatic Girl (feat. Che Ecru),"Happy,Love,Sunny"
A$AP Rocky,Lost and Found Freestyle 2019,"Happy,Sunny"
Twenty One Pilots,Tear in My Heart,"Happy,Sunny"
Mac Miller,Dang! (feat. Anderson .Paak),"Happy,Sunny"
Gorillaz,Aries (feat. Peter Hook and Georgia),"Happy,Sunny"
Joe Walsh,A Life of Illusion,"Happy,Sunny"
Bob Marley & The Wailers,Could You Be Loved,"Happy,Sunny"
Miley Cyrus,Malibu,"Happy,Sunny"
Flume,The Difference,"Happy,Sunny"
The Neighbourhood,Cherry Flavoured,Sad
Cigarettes After Sex,Apocalypse,Sad
Indigo De Souza,Take Off Ur Pants,Sad
Soccer Mommy,circle the drain,Sad
Deerhunter,Helicopter,Sad
Slowdive,When the Sun Hits,Sad
Underoath,In Division,Sad
Syd,Shake Em Off,Sad
Kali Uchis,Dead To Me,Sad
Beach House,Used to Be,Sad
Bon Iver,Holocene,Sad
Title Fight,"Numb, But I Still Feel It",Sad
Isaiah Rashad,Wat's Wrong (feat. Zacari & Kendrick Lamar),Sad
James Blake,The Wilhelm Scream,Sad
Linkin Park,Leave Out All The Rest,Sad
Radiohead,How to Disappear Completely,Sad
Portishead,Roads,Sad
The National,Sorrow,Sad
Mazzy Star,Fade Into You,Sad
Phoebe Bridgers,Funeral,Sad
Elliott Smith,Between The Bars,Sad
Death Cab for Cutie,What Sarah Said,Sad
Julien Baker,Sprained Ankle,Sad
Angel Olsen,Sister,Sad
Weyes Blood,Andromeda,Sad
Mac Miller,"God Is Fair, Sexy Nasty (feat. Kendrick Lamar)",Love
The Strokes,Selfless,Love
Yeah Yeah Yeahs,Maps,Love
Lana Del Rey,Margaret (feat. Bleachers),Love
Desire,Under Your Spell,Love
Cam'ron,Hey Ma,Love
Men I Trust,Show Me How,Love
Frou Frou,A New Kind Of Love - Demo,Love
Magdalena Bay,Vampire in the Corner,Love
Frank Ocean,Ivy,Love
Broken Bells,Love On The Run,Love
Foster The People,Waste,Love
Spacemen 3,I Love You,Love
Rihanna,Love On The Brain,Love
Frank Ocean,Thinkin Bout You,Love
Thee Sacred Souls,Can I Call You Rose?,Love
Rex Orange County,Loving Is Easy,Love
Lana Del Rey,Blue Jeans - Remastered 2011,Love
PinkPantheress,Mosquito,Love
Rainbow Kitten Surprise,Overtime (feat. Kacey Musgraves),Love
The White Stripes,Fell In Love With a Girl,Love
Paramore,All I Wanted,Love
Jamiroquai,Everyday - Remastered 2013,Love
Kali Uchis,Call Me,Love
Lil Yachty,drive ME crazy!,Love
Clairo,4EVER,Love
Tyler Childers,All Your'n,Love
Polyenso,Always Ending in You,Love
Kendrick Lamar,LOVE. FEAT. ZACARI.,Love
Clairo,Sofia,Love
Bill Withers,Use Me,Love
Blackberry Smoke,Run Away from It All,Love
Tom Petty,Love Is A Long Road,Love
Justin Bieber,DAISIES,Love
Maroon 5,She Will Be Loved,Love
Natasha Bedingfield,These Words,Love
Tame Impala,Music To Walk Home By,Love
Father John Misty,Real Love Baby,Love
Cascada,Everytime We Touch,Love
Tame Impala,Is It True,Love
Briston Maroney,Freakin' Out On the Interstate,Love
Twenty One Pilots,Screen,Love
Twenty One Pilots,Smithereens,Love
Bon Iver,Skinny Love,Love
Cults,Always Forever,Love
Neck Deep,A Part of Me,"Fast,Heartbreak"
AWOLNATION,All I Need,Love
Drake,Find Your Love,Love
Labi Siffre,Bless the Telephone,Love
Magdalena Bay,All You Do,Love
Nicki Minaj,Right Thru Me,Love
Tame Impala,Piece Of Heaven,Love
The Moody Blues,Nights In White Satin,Love
Omar Apollo,Invincible (feat. Daniel Caesar),Love
Aaron Frazer,Lover Girl,Love
Jhené Aiko,Bed Peace,Love
Donna Lewis,I Love You Always Forever,Love
Tennis,Need Your Love,Love
Maroon 5,She Will Be Loved - Radio Mix,Love
Remi Wolf,Hello Hello Hello,Love
Ravyn Lenae,Skin Tight (feat. Steve Lacy),Love
Al Green,Let's Stay Together,Love
