Track URI,Track Name,Album Name,Artist Name(s),Release Date,Duration (ms),Popularity,Explicit,Added By,Added At,Genres,Record Label,Danceability,Energy,Key,Loudness,Mode,Speechiness,Acousticness,Instrumentalness,Liveness,Valence,Tempo,Time Signature
spotify:track:3YFnfm9z8RmPFIZ7C16u4e,"Doja","Ethereal","$NOT;A$AP Rocky",2022-02-11,171453,53,true,1261674818,2026-05-29T12:16:57Z,"rap","300 Entertainment",0.753,0.777,11,-5.701,0,0.32,0.0725,0.000714,0.125,0.669,157.148,4
spotify:track:6ygSlFgsuHPLENIKP860Hg,"I'm Supposed To Die Tonight","The Massacre","50 Cent",2005-03-03,231026,65,true,1261674818,2026-05-29T12:16:57Z,"old school hip hop,east coast hip hop","Aftermath/Shady",0.676,0.72,7,-3.929,1,0.31,0.00307,0.000272,0.0853,0.322,78.9,4
spotify:track:3oHkMCVJyOcjg5FhfLc2Rq,"A$AP Forever REMIX (feat. Moby, T.I. & Kid Cudi)","TESTING","A$AP Rocky;Moby;T.I.;Kid Cudi",2018-05-25,315768,61,true,1261674818,2026-05-29T12:16:57Z,"rap,downtempo,trip hop,southern hip hop","A$AP Worldwide/Polo Grounds Music/RCA Records",0.428,0.754,5,-6.416,0,0.179,0.3,0,0.136,0.394,125.948,4
spotify:track:2rzBvHM9h36Tpdj7Jdajka,"Wild for the Night (feat. Skrillex & Birdy Nam Nam)","LONG.LIVE.A$AP (Deluxe Version)","A$AP Rocky;Skrillex;Birdy Nam Nam;Lord Flacko",2013,212640,66,true,1261674818,2026-05-29T12:16:57Z,"rap,dubstep,edm,electro,electronic,french house","A$AP Worldwide/Polo Grounds Music/RCA Records",0.757,0.848,2,-4.234,1,0.335,0.0481,0,0.121,0.686,139.995,4
spotify:track:6o0uKiwX3UoaiysNdE08Xc,"ANGEL'S HEAVEN","ANGEL'S HEAVEN","Ann",2025-10-09,118204,10,false,1261674818,2026-05-29T12:16:57Z,"","annhf",0.472,0.732,7,-9.581,0,0.0427,0.000525,0.843,0.7,0.518,129.977,4
spotify:track:58CMA5tAWWjc1Cs5nvWeqV,"Sirens","I-Empire","Angels & Airwaves",2007-01-01,259413,52,false,1261674818,2026-05-29T12:16:57Z,"pop punk","Geffen",0.524,0.924,2,-4.422,1,0.0513,0.00407,0.00000531,0.104,0.824,154.137,4
spotify:track:37HVfljrj62Ym41OVjtCRy,"Hiei","Urameshi","Anonymuz",2017-08-08,197160,23,true,1261674818,2026-05-29T12:16:57Z,"","Anonymuz / CC",0.784,0.652,2,-7.266,1,0.177,0.352,0,0.237,0.387,115.041,4
spotify:track:44qLO2EgCUwSZxL1umUuao,"Stonefruit","Haram","Armand Hammer;The Alchemist",2021-03-26,257027,37,false,1261674818,2026-05-29T12:16:57Z,"experimental hip hop,alternative hip hop,jazz rap,boom bap","Backwoodz Studioz",0.424,0.56,8,-8.472,1,0.123,0.0784,0,0.348,0.262,122.178,4
spotify:track:5e2NfvUDhNqsu0JqIw1pj7,"Strife (Chug Chug)","Allegiance","As Blood Runs Black",2006-06-05,226413,39,true,1261674818,2026-05-29T12:16:57Z,"deathcore,metalcore,death metal,metal","Mediaskare Records",0.317,0.965,0,-1.235,1,0.206,0.000114,0.342,0.121,0.272,151.117,4
spotify:track:4mJLIuwbDZ31r6ptHOXmMm,"Forsaken","An Ocean Between Us","As I Lay Dying",2007-08-21,318026,47,false,1261674818,2026-05-29T12:16:57Z,"metalcore,metal,deathcore","Metal Blade Records",0.471,0.994,2,-3.379,0,0.131,0.000167,0.000444,0.315,0.0662,120.012,4
spotify:track:0BPLYT25SArsp2bswOHKjo,"Arya","Arya","Nigo;A$AP Rocky",2022-01-28,162253,54,true,1261674818,2026-05-29T12:16:57Z,"rap","Victor Victor Worldwide",0.958,0.478,7,-7.669,1,0.192,0.0823,0,0.126,0.379,120.042,4
spotify:track:3gxKZFiZFRRIoM87tP2BC3,"KOOKSEVERYWHERE!!!","Run","AWOLNATION",2015-03-17,247228,31,false,1261674818,2026-05-29T12:16:57Z,"","Red Bull Records",0.674,0.922,1,-4.471,1,0.0558,0.00846,0.309,0.302,0.711,142.032,4
spotify:track:6SWJJP7Xc9zCcuiHl69Uvh,"Sound Witness System","Here Come the Runts","AWOLNATION",2018-02-02,142381,27,true,1261674818,2026-05-29T12:16:57Z,"","Red Bull Records",0.769,0.908,5,-7.49,0,0.0379,0.171,0.00141,0.104,0.753,138.039,4
spotify:track:6Hmc5Afutf4hcrjnBYNidS,"Baby Keem","The Sound of Bad Habit","Baby Keem",2018-10-29,127863,61,true,1261674818,2026-05-29T12:16:57Z,"","Baby Keem LLC",0.929,0.653,9,-4.594,1,0.268,0.00166,0.00000771,0.585,0.525,140.065,4
spotify:track:4Vir8uv89eNY6hovcNq4w6,"Gang Activities","The Sound of Bad Habit","Baby Keem",2018-10-29,99989,52,true,1261674818,2026-05-29T12:16:57Z,"","Baby Keem LLC",0.92,0.457,8,-6.612,0,0.529,0.00554,0,0.0798,0.367,139.995,4
spotify:track:754hhnczVNu3ibRaoAcujX,"killstreaks (with Don Toliver & PinkPantheress)","The Melodic Blue (Deluxe)","Baby Keem;Don Toliver;PinkPantheress",2022-10-28,215679,57,true,1261674818,2026-05-29T12:16:57Z,"bedroom pop","pgLang/Columbia",0.777,0.574,4,-5.565,0,0.0386,0.0542,0.0000187,0.155,0.0603,108.003,4
spotify:track:6XrRiRgDivf3Kv4CKuQh9o,"MOSHPIT","DIE FOR MY BITCH","Baby Keem",2019-07-19,176353,58,true,1261674818,2026-05-29T12:16:57Z,"","Baby Keem LLC",0.764,0.649,1,-7.517,1,0.318,0.0196,0,0.131,0.335,135.036,4
spotify:track:40m8LwZOA6TXsYVHdgyG4M,"not even the friendzone","she says it's too much","Bassti",2017-07-14,77500,38,false,1261674818,2026-05-29T12:16:57Z,"lo-fi,lo-fi beats,lo-fi hip hop","VinDig",0.722,0.248,9,-13.452,0,0.14,0.868,0.889,0.115,0.47,136.998,4
spotify:track:19uq4pCZON9cE6BzzlBUks,"Sugar","Somersault","Beach Fossils",2017-06-02,204062,47,false,1261674818,2026-05-29T12:16:57Z,"dream pop,surf rock,shoegaze","Bayonet Records",0.578,0.648,6,-7.493,1,0.0269,0.0126,0.00236,0.122,0.417,81.994,4
spotify:track:4Bu7SGLQTpN1ORlwTLn3oX,"The Carving Knife","You, Me and Everything in Between.","Belle Haven",2017-06-16,184371,12,false,1261674818,2026-05-29T12:16:57Z,"melodic hardcore,metalcore,post-hardcore","Greyscale Records",0.286,0.955,6,-3.445,0,0.0931,0.0000465,0,0.23,0.396,170.011,4
spotify:track:20HdFWWxwaQ208hzb2lHke,"Maytag (Tax Free)","Freelance","Ben Reilly",2021-06-16,165550,51,true,1261674818,2026-05-29T12:16:57Z,"","Abstract Media",0.466,0.669,1,-6.57,1,0.295,0.0188,0,0.519,0.554,83.968,4
spotify:track:0iH0KPfp8FcFnWfLQy57x6,"Twinz (Deep Cover '98)","Endangered Species","Big Pun",2001-04-03,228106,45,true,1261674818,2026-05-29T12:16:57Z,"east coast hip hop,old school hip hop,hardcore hip hop","LOUD Records",0.656,0.879,0,-3.417,1,0.296,0.168,0.00116,0.263,0.542,95.039,4
spotify:track:38xXr3MkiKNzNDv4JDJagF,"$20","the record","boygenius;Julien Baker;Phoebe Bridgers;Lucy Dacus",2023-03-31,200093,56,false,1261674818,2026-05-29T12:16:57Z,"ambient folk","boygenius under exclusive license to Interscope Records",0.551,0.627,7,-6.9,1,0.0325,0.0065,0.0637,0.139,0.402,117.992,3
spotify:track:4QEsxFZRA3RnjQAPYS3UXa,"Satanist","the record","boygenius;Julien Baker;Phoebe Bridgers;Lucy Dacus",2023-03-31,290360,52,false,1261674818,2026-05-29T12:16:57Z,"ambient folk","boygenius under exclusive license to Interscope Records",0.325,0.704,2,-8.285,1,0.0449,0.00384,0.00424,0.0907,0.338,178.066,4
spotify:track:5lVvP9hPWY3cZi2tu7BP8B,"SEX","ROADRUNNER: NEW LIGHT, NEW MACHINE PLUS PACK","BROCKHAMPTON",2021-06-04,216577,42,true,1261674818,2026-05-29T12:16:57Z,"","Question Everything/RCA Records",0.754,0.724,1,-6.329,1,0.0653,0.000236,0.00000923,0.139,0.426,82.002,4
spotify:track:1QZJiYulh7ak7GpZ8OAdwI,"Control","After the Disco","Broken Bells;Danger Mouse;James Mercer",2014-01-13,221426,47,false,1261674818,2026-05-29T12:16:57Z,"","Columbia",0.741,0.634,9,-6.625,0,0.0264,0.00676,0.0000259,0.337,0.951,113.999,4
spotify:track:3jaOfXYnWg49JrTZnrryx4,"Medicine","After the Disco","Broken Bells;Danger Mouse;James Mercer",2014-01-13,208689,37,false,1261674818,2026-05-29T12:16:57Z,"","Columbia",0.765,0.686,11,-7.191,0,0.0367,0.18,0.000837,0.153,0.569,122.021,4
spotify:track:3p14DPJLv4cRRastOBGq5Z,"Telekinesis","Telekinesis","Buddha Trixie",2025-06-20,105518,47,false,1261674818,2026-05-29T12:16:57Z,"","Buddha Trixie",0.226,0.904,0,-4.423,1,0.0832,0.0115,0.00000433,0.34,0.613,174.434,4
spotify:track:1Wm6vaFkjrvuw60Zsr73xj,"Concrete (feat. Westside Gunn & Termanology)","TrillStatik (Deluxe Version)","Bun B;Statik Selektah;Westside Gunn;Termanology",2019-04-27,165365,19,true,1261674818,2026-05-29T12:16:57Z,"southern hip hop,boom bap,alternative hip hop,jazz rap,experimental hip hop,underground hip hop","Show Off / II Trill Enterpises / EMPIRE",0.535,0.762,11,-5.406,0,0.368,0.0999,0,0.117,0.639,83.901,4
spotify:track:0cUsjxvmghIyFh7lvc9Duf,"Be Somewhere","Buzy (2011 VER.)","Buzy",2011-03-23,298200,41,false,1261674818,2026-05-29T12:16:57Z,"anime","インペリアルレコード",0.487,0.972,11,-5.03,0,0.0389,0.000136,0.000539,0.0671,0.927,152.989,4
spotify:track:4jEWz9M7NjBeZ3x0L1J89N,"Sabertooth Tiger","Thank You Happy Birthday","Cage The Elephant",2011-01-10,171546,32,false,1261674818,2026-05-29T12:16:57Z,"","Jive",0.155,0.982,9,-3.135,0,0.318,0.0000538,0.925,0.0943,0.108,82.897,4
spotify:track:5n0CTysih20NYdT2S0Wpe8,"Trouble","Tell Me I'm Pretty","Cage The Elephant",2015-12-18,225980,73,false,1261674818,2026-05-29T12:16:57Z,"","RCA Records Label",0.47,0.623,0,-5.655,1,0.0302,0.392,0.000439,0.0992,0.298,77.861,4
spotify:track:7tr2za8SQg2CI8EDgrdtNl,"Slide (feat. Frank Ocean & Migos)","Funk Wav Bounces Vol.1","Calvin Harris;Frank Ocean;Migos;Funk Wav",2017-06-30,230813,79,true,1261674818,2026-05-29T12:16:57Z,"edm,trap","Columbia",0.736,0.795,1,-3.299,0,0.0545,0.498,0.00000121,0.254,0.511,104.066,4
spotify:track:1zHUEIQ6yzaWBzhNCV1SGW,"Sofia","Immunity","Clairo",2019-08-02,188386,79,false,1261674818,2026-05-29T12:16:57Z,"bedroom pop","FADER Label",0.743,0.612,0,-10.005,1,0.0399,0.573,0.00444,0.252,0.641,112.999,4
spotify:track:3GHIBH6ytVZ4aXcw3NlwIf,"Evaporate","Artificial Selection","Dance Gavin Dance",2018-06-08,297625,51,false,1261674818,2026-05-29T12:16:57Z,"post-hardcore,screamo,metalcore,emo,math rock","Rise Records",0.547,0.99,6,-3.658,0,0.137,0.0132,0.0000216,0.294,0.273,138.049,4
spotify:track:0MH61WRLhEgSeFFOlju3MA,"Exposed","Mothership","Dance Gavin Dance",2016-10-07,212080,44,true,1261674818,2026-05-29T12:16:57Z,"post-hardcore,screamo,metalcore,emo,math rock","Rise Records",0.375,0.873,0,-3.666,1,0.0483,0.244,0,0.234,0.503,175.132,4
spotify:track:2ZPn13QvfstxFlyijzqDTH,"Heart","Psychic","DARKSIDE",2013-10-07,297614,41,false,1261674818,2026-05-29T12:16:57Z,"downtempo","Matador",0.623,0.346,1,-10.051,1,0.0374,0.435,0.741,0.115,0.0388,107.039,4
spotify:track:1EryAkZ0VHstC6haIxVBiE,"Sextape","Diamond Eyes","Deftones",2010-04-30,241533,82,false,1261674818,2026-05-29T12:16:57Z,"nu metal,alternative metal,rap metal,rock,shoegaze","Reprise",0.367,0.634,5,-6.475,1,0.027,0.000824,0.0759,0.116,0.0964,89.981,4
spotify:track:60vCp8SC7qNn9CHmzkNSyS,"Disappear","Flower of Devotion","Dehd",2020-07-17,143209,19,false,1261674818,2026-05-29T12:16:57Z,"","Love Song Dance",0.56,0.65,1,-4.804,0,0.0317,0.684,0.000242,0.324,0.58,124.777,4
spotify:track:2uIF6XYUV0RhEavNyErbTs,"Loner","Flower of Devotion","Dehd",2020-07-17,192298,44,false,1261674818,2026-05-29T12:16:57Z,"","Love Song Dance",0.652,0.708,7,-5.88,1,0.0355,0.393,0.0000951,0.288,0.772,148.179,4
spotify:track:0qZcBeIKskV61K1ekFJcar,"NOT TiGHT","NOT TiGHT","DOMi & JD BECK;Thundercat",2022-07-29,248894,41,false,1261674818,2026-05-29T12:16:57Z,"jazz fusion","Blue Note Records",0.55,0.741,6,-11.469,0,0.0594,0.811,0.923,0.106,0.691,173.36,4
spotify:track:6OquGsVTLqZHyxqG0PLwFz,"PiLOT (feat. Snoop Dogg, Busta Rhymes, Anderson .Paak)","NOT TiGHT","DOMi & JD BECK;Anderson .Paak;Busta Rhymes;Snoop Dogg",2022-07-29,202451,49,true,1261674818,2026-05-29T12:16:57Z,"jazz fusion,east coast hip hop,g-funk,west coast hip hop,gangster rap,old school hip hop,hip hop,rap","Blue Note Records",0.542,0.485,5,-13.131,0,0.439,0.792,0.00198,0.102,0.698,174.836,3
spotify:track:7BRD7x5pt8Lqa1eGYC4dzj,"CHIHIRO","HIT ME HARD AND SOFT","Billie Eilish",2024-05-17,303440,88,false,1261674818,2026-05-29T12:16:57Z,"","Darkroom/Interscope Records",0.7,0.425,7,-12.531,1,0.0529,0.144,0.879,0.083,0.521,110.015,4
spotify:track:7y8YchiyO9cVdwh6Ptb25g,"New Cross","Hooves of Doubt","Dry the River",2015-11-12,218206,15,false,1261674818,2026-05-29T12:16:57Z,"indie folk","Transgressive",0.333,0.67,0,-8.155,0,0.0377,0.161,0.00228,0.132,0.413,138.255,4
spotify:track:54TogVTaE5jidIPxT0haoS,"Luna","Acuarelas","Efelante",2021-09-10,293968,14,false,1261674818,2026-05-29T12:16:57Z,"mexican indie,latin indie,latin alternative","FAUNA",0.484,0.884,2,-6.26,1,0.0461,0.000113,0.131,0.154,0.247,85.021,4
spotify:track:1ffNKr5A2uIG9cP1SU7NcN,"Sure","131","Emarosa",2016-07-08,234446,49,false,1261674818,2026-05-29T12:16:57Z,"post-hardcore,screamo","Hopeless Records",0.447,0.93,7,-2.852,0,0.0417,0.000383,0.000482,0.134,0.303,147.052,4
spotify:track:2Dlp0IB3MBYJ2QyQ2yZzkG,"Luminesce","Drift","ERRA",2016-04-08,203892,41,true,1261674818,2026-05-29T12:16:57Z,"djent,metalcore,progressive metal,metal,deathcore,post-hardcore","Sumerian Records",0.23,0.979,8,-2.687,0,0.192,0.0186,0,0.778,0.365,122.972,4
spotify:track:1vJdRg6JMkShoId08xMO1Z,"Planets","RE-ANIMATOR","Everything Everything",2020-09-11,237586,26,false,1261674818,2026-05-29T12:16:57Z,"","Everything Everything",0.48,0.853,10,-5.981,0,0.0296,0.044,0.351,0.127,0.562,160.5,3
spotify:track:1mQxJicYPaZDzV4lHWqvSg,"Kids","Kids","Felixx;Navagio",2024-12-06,120400,46,false,1261674818,2026-05-29T12:16:57Z,"","Day & Night Records",0.582,0.915,11,-3.481,0,0.0769,0.0603,0.0135,0.283,0.399,150.302,4
spotify:track:2T43AxusLnjIbGGG1kiPPW,"Decoy","God’s Trashmen Sent to Right the Mess","Fievel Is Glauque",2021-01-01,122693,44,false,1261674818,2026-05-29T12:16:57Z,"shibuya-kei","Many Hats Distribution",0.696,0.567,7,-9.073,0,0.158,0.843,0.0463,0.385,0.84,74.237,4
spotify:track:19YKaevk2bce4odJkP5L22,"Nikes","Blonde","Frank Ocean",2016-08-20,314075,72,true,1261674818,2026-05-29T12:16:57Z,"","Boys Don't Cry",0.633,0.395,8,-9.638,1,0.0857,0.692,0.000222,0.108,0.123,138.023,4
spotify:track:7hARdySaXWuTLeqBrYP2xf,"Ditty","Ditty","Freddie Dredd",2019-07-19,129607,51,true,1261674818,2026-05-29T12:16:57Z,"phonk","Doomshop Records/RCA Records",0.909,0.633,1,-7.923,1,0.307,0.0921,0.63,0.238,0.433,145.075,4
spotify:track:29hlRGLtPpwc45b9XJ525U,"In My Blood","8ball Playaz 1 & 2","Freddie Dredd;Genshin;Slim Guerilla",2019-06-06,185050,29,true,1261674818,2026-05-29T12:16:57Z,"phonk,cloud rap","Doomshop Records",0.887,0.868,3,-4.855,0,0.251,0.0211,0,0.159,0.833,135.084,4
spotify:track:2iw3Zmzg2RPK29kb8Z2Cny,"Oddloop","Oddloop","frederic",2014-09-24,255293,63,false,1261674818,2026-05-29T12:16:57Z,"j-rock,japanese indie,j-pop,anime","Universal Music LLC",0.424,0.899,11,-3.937,0,0.057,0.00337,0.0000816,0.223,0.736,171.827,4
spotify:track:522YBf6WqBwJVAe7oHLymu,"Seasons (Waiting on You)","Singles","Future Islands",2014-03-24,226440,65,false,1261674818,2026-05-29T12:16:57Z,"","4AD",0.498,0.721,10,-5.232,1,0.0282,0.136,0.699,0.0933,0.589,140.022,4
spotify:track:1YtAvN3orGDreBWKwUyAAt,"bouquet","amuletum bouquet","Ichiko Aoba",2020-01-10,256394,59,false,1261674818,2026-05-29T12:16:57Z,"japanese indie,shibuya-kei","hermine",0.224,0.0431,5,-20.125,1,0.0372,0.984,0.0737,0.1,0.12,171.693,4
spotify:track:7fuE7t23WOvAjg1Jir6Oe1,"2000","2000","L'mad",2021-09-23,150715,29,false,1261674818,2026-05-29T12:16:57Z,"arabic hip hop","Purebox Music",0.944,0.404,10,-11.18,0,0.369,0.174,0.0000026,0.122,0.588,104.047,4
spotify:track:2haIfONRw1Bhi2zSp67MYU,"Aries (feat. Peter Hook and Georgia)","Song Machine Episode 3","Gorillaz;Peter Hook;Georgia",2020-04-09,253333,44,false,1261674818,2026-05-29T12:16:57Z,"madchester,acid house,chicago house","Parlophone UK",0.611,0.667,2,-7.801,1,0.0342,0.0175,0.0844,0.241,0.793,119.996,4
spotify:track:1mDbaq398rKyA2g4vv5obQ,"MLS (feat. JPEGMAFIA and CHAI)","Song Machine, Season One: Strange Timez (Deluxe)","Gorillaz;JPEGMAFIA;CHAI",2020-10-23,193226,43,true,1261674818,2026-05-29T12:16:57Z,"experimental hip hop,alternative hip hop,experimental","Parlophone UK",0.745,0.653,6,-7.511,0,0.074,0.0889,0,0.104,0.68,90.006,4
spotify:track:4jNs9cJBsFTiahZAe3iuwV,"Opium (feat. EARTHGANG)","Song Machine, Season One: Strange Timez (Deluxe)","Gorillaz;EARTHGANG",2020-10-23,410733,45,false,1261674818,2026-05-29T12:16:57Z,"","Parlophone UK",0.682,0.847,11,-8.58,1,0.0612,0.216,0.168,0.0849,0.813,120.002,4
spotify:track:5vUmlY6P9ZA3WoosABRUpp,"Simplicity (feat. Joan As Police Woman)","Song Machine, Season One: Strange Timez (Deluxe)","Gorillaz;Joan As Police Woman",2020-10-23,164400,41,false,1261674818,2026-05-29T12:16:57Z,"","Parlophone UK",0.74,0.655,11,-11.302,0,0.052,0.569,0.492,0.0961,0.753,121.635,4
spotify:track:6LUfuyLgvgqrykiTE6sJHY,"Stylo (feat. Mos Def and Bobby Womack)","Plastic Beach","Gorillaz;Bobby Womack;Mos Def",2010-03-05,270520,65,false,1261674818,2026-05-29T12:16:57Z,"soul,classic soul,east coast hip hop,old school hip hop,hip hop","Parlophone UK",0.686,0.751,10,-5.747,0,0.0604,0.00604,0.000849,0.0979,0.851,100.222,4
spotify:track:5SM5amC17V4itA5jxIICjS,"Sweepstakes (feat. Mos Def and Hypnotic Brass Ensemble)","Plastic Beach","Gorillaz;Hypnotic Brass Ensemble;Mos Def",2010-03-05,320466,50,false,1261674818,2026-05-29T12:16:57Z,"brass band,east coast hip hop,old school hip hop,hip hop","Parlophone UK",0.724,0.803,5,-4.017,0,0.178,0.114,0,0.214,0.565,138.17,3
spotify:track:2pXFT5eKWKc7euDfbu8cay,"Anemic","Evol","HAARPER",2019-10-30,101203,44,true,1261674818,2026-05-29T12:16:57Z,"trap metal,drift phonk,horrorcore","CREW RECORDS / EMPIRE",0.713,0.744,0,-5.044,1,0.0438,0.0609,0.557,0.11,0.172,81,4
spotify:track:3dwFVosY3s5ipwqraoU2Uv,"Baki","Evol","HAARPER",2019-10-30,148274,35,true,1261674818,2026-05-29T12:16:57Z,"trap metal,drift phonk,horrorcore","CREW RECORDS / EMPIRE",0.867,0.574,1,-8.178,1,0.0536,0.196,0.363,0.115,0.119,130.011,4
spotify:track:7n75gXHoMH9H8MnGJwXRjU,"Ego","The Great Impersonator","Halsey",2024-10-25,198498,47,true,1261674818,2026-05-29T12:16:57Z,"","Columbia",0.59,0.961,7,-2.491,1,0.113,0.00508,0,0.339,0.349,104.969,4
spotify:track:2moHnkHTSXBe9KjvPSQJvg,"Simmer","Petals For Armor","Hayley Williams",2020-05-08,266115,56,true,1261674818,2026-05-29T12:16:57Z,"art pop","Atlantic Records",0.79,0.599,7,-7.417,1,0.0431,0.218,0.00257,0.118,0.362,109.978,4
spotify:track:6V0OOYe1uB708V64yPJuQm,"Metempsychosis","Shivers","Helia",2009-10-30,208573,8,false,1261674818,2026-05-29T12:16:57Z,"post-hardcore,metalcore","Wynona Records",0.438,0.945,2,-3.5,0,0.0464,0.000272,0.000124,0.33,0.244,148.014,4
spotify:track:5wv2XK6ms7KBBVDD1cOwlx,"Cool with You","Songs of Her's","Her's",2017-05-12,375656,60,false,1261674818,2026-05-29T12:16:57Z,"indie","Heist Or Hit Records",0.534,0.62,0,-6.775,1,0.0504,0.0124,0.000736,0.296,0.547,106.986,4
spotify:track:3qzbQl6mkvqWtgUjuKV53p,"South","South","Hippo Campus",2015-08-03,231468,43,false,1261674818,2026-05-29T12:16:57Z,"","Transgressive",0.532,0.548,1,-6.52,1,0.0293,0.18,0.00314,0.108,0.425,130.133,4
spotify:track:1jOgJN75btuUONIdf57vHz,"Munch (Feelin’ U)","Munch (Feelin’ U)","Ice Spice",2022-08-10,104819,59,true,1261674818,2026-05-29T12:16:57Z,"","Worldstar",0.811,0.528,11,-7.278,0,0.275,0.291,0,0.0787,0.635,166.084,4
spotify:track:5NWqo7MhQEPYUaCAklq9ul,"Ice","N I T O","Ichika Nito",2020-04-14,150379,32,false,1261674818,2026-05-29T12:16:57Z,"math rock","Ichika Nito",0.554,0.0666,4,-19.071,0,0.0716,0.916,0.669,0.0918,0.218,74.877,4
spotify:track:6edhH1ReEB3qlocFz34kIO,"Orb","N I T O","Ichika Nito",2020-04-14,204261,42,false,1261674818,2026-05-29T12:16:57Z,"math rock","Ichika Nito",0.42,0.125,3,-18.064,0,0.0393,0.963,0.874,0.0908,0.122,169.893,4
spotify:track:4Cokr5b8WTxxLRi6Q3UUEx,"Picturesque","Window","Ichika Nito",2022-10-28,172883,24,false,1261674818,2026-05-29T12:16:57Z,"math rock","Ichika Nito",0.69,0.115,4,-15.677,1,0.0391,0.928,0.669,0.113,0.117,135.136,4
spotify:track:4Mb5DVgLbFjlSwcuMdOw7B,"Exhibit C","Exhibit C","J A Y E L E C T R O N I C A",2009-12-22,331440,54,true,1261674818,2026-05-29T12:16:57Z,"alternative hip hop","Mass Appeal",0.504,0.811,5,-11.966,0,0.191,0.0276,0,0.388,0.382,82.01,4
spotify:track:2kh78Yka2tkYOx3XF9DVpu,"Kill Jay Z","4:44","JAŸ-Z",2017-07-07,178066,48,true,1261674818,2026-05-29T12:16:57Z,"hip hop,east coast hip hop,rap","Roc Nation / Jay-Z",0.542,0.821,10,-6.458,0,0.32,0.133,0.00000134,0.57,0.286,84.425,4
spotify:track:3p2O5DDqlWdaR1l4wsHn9R,"Legacy","4:44","JAŸ-Z",2017-07-07,177133,48,true,1261674818,2026-05-29T12:16:57Z,"hip hop,east coast hip hop,rap","Roc Nation / Jay-Z",0.425,0.858,1,-7.105,1,0.396,0.522,0,0.0597,0.606,162.171,4
spotify:track:4WQrG3ke074wTes10aLPBT,"Primetime","Watch The Throne (Deluxe)","JAŸ-Z;Kanye West",2011-08-12,199240,58,true,1261674818,2026-05-29T12:16:57Z,"hip hop,east coast hip hop,rap","Roc Nation/RocAFella/IDJ",0.675,0.901,4,-5.018,0,0.19,0.16,0.0000191,0.317,0.502,84.984,4
spotify:track:2BaykZ7vUYBDqseFexHhtQ,"Let Me See (feat. Kevin Gates & Lil Skies)","Let Me See (feat. Kevin Gates & Lil Skies)","Juicy J;Kevin Gates;Lil Skies",2019-02-14,248386,42,true,1261674818,2026-05-29T12:16:57Z,"crunk,melodic rap","Columbia",0.871,0.798,11,-3.775,1,0.203,0.00229,0,0.234,0.527,140.049,4
spotify:track:3U21A07gAloCc4P7J8rxcn,"All Mine","ye","Kanye West",2018-06-01,145506,70,true,1261674818,2026-05-29T12:16:57Z,"rap","Getting Out Our Dreams, Inc./Def Jam Recordings",0.925,0.31,11,-6.531,0,0.291,0.123,0,0.0931,0.291,121.927,4
spotify:track:5RjbFGeWVsCpw8EcE8OrvZ,"Gone","Late Registration","Kanye West;Consequence;Cam'ron",2005-08-30,333293,60,true,1261674818,2026-05-29T12:16:57Z,"rap,east coast hip hop","Roc-A-Fella",0.842,0.668,1,-6.043,1,0.26,0.015,0,0.0699,0.345,92.703,4
spotify:track:7lIr3vVhpDkU5mQEDcnA0S,"Intro","The College Dropout","Kanye West",2004-02-10,19133,15,true,1261674818,2026-05-29T12:16:57Z,"rap","Roc-A-Fella",0.713,0.331,6,-13.909,1,0.877,0.237,0,0.51,0.463,87.491,3
spotify:track:1ZHYJ2Wwgxes4m8Ba88PeK,"Monster","My Beautiful Dark Twisted Fantasy","Kanye West;JAŸ-Z;Rick Ross;Nicki Minaj;Bon Iver",2010-11-22,378893,76,true,1261674818,2026-05-29T12:16:57Z,"rap,hip hop,east coast hip hop,southern hip hop","Roc-A-Fella",0.628,0.692,2,-5.64,1,0.202,0.00244,0.0129,0.668,0.0963,124.887,5
spotify:track:1Wsbr1d2BouNGk2q92mIj7,"Pt. 2","The Life Of Pablo","Kanye West",2016-06-10,130293,66,true,1261674818,2026-05-29T12:16:57Z,"rap","Rock The World/IDJ/Kanye LP7",0.674,0.752,11,-4.073,1,0.333,0.552,0,0.787,0.236,145.076,4
spotify:track:6ff9CLXYk39PKFYoYCYeog,"Alien Girl (Today W/ Her)","Overly Dedicated","Kendrick Lamar",2010-09-14,239973,52,true,1261674818,2026-05-29T12:16:57Z,"hip hop,west coast hip hop","Top Dawg Entertainment / Kendrick Lamar",0.626,0.537,2,-7.344,1,0.0367,0.502,0.0835,0.111,0.259,95.948,4
spotify:track:2lD6AoA8qf2t4Dkf2TcmNK,"Rigamortus","Section.80","Kendrick Lamar",2011-07-02,168591,63,true,1261674818,2026-05-29T12:16:57Z,"hip hop,west coast hip hop","Top Dawg Entertainment / Section.80",0.52,0.807,2,-6.281,1,0.409,0.24,0.00257,0.199,0.628,178.012,4
spotify:track:1bxEpNR75Hq3T2oF9AZjt8,"u","To Pimp A Butterfly","Kendrick Lamar",2015-03-16,268493,61,true,1261674818,2026-05-29T12:16:57Z,"hip hop,west coast hip hop","Aftermath",0.406,0.798,11,-5.585,0,0.432,0.26,0,0.461,0.58,71.547,4
spotify:track:3HG3QFERdP3Q1b6VGahwWs,"Alive (Nightmare)","Man On The Moon: The End Of Day (Deluxe)","Kid Cudi;Ratatat",2009-01-01,246760,61,true,1261674818,2026-05-29T12:16:57Z,"","Kid Cudi/Universal Records",0.71,0.815,6,-4.869,0,0.0419,0.262,0,0.208,0.703,101.782,4
spotify:track:6jiwr6xTHqjdun5d3cEwXV,"Elsie's Baby Boy (flashback)","Man On The Moon III: The Chosen","Kid Cudi",2020-12-11,219213,44,true,1261674818,2026-05-29T12:16:57Z,"","Republic Records",0.615,0.663,2,-7.812,0,0.0384,0.208,0.377,0.366,0.128,95.158,3
spotify:track:3JdwGk8j7lHN5qdzJZklam,"Lovin’ Me (feat. Phoebe Bridgers)","Man On The Moon III: The Chosen","Kid Cudi;Phoebe Bridgers",2020-12-11,165893,48,false,1261674818,2026-05-29T12:16:57Z,"","Republic Records",0.604,0.605,1,-7.861,1,0.0415,0.152,0.000845,0.157,0.168,141.527,4
spotify:track:3Uw2se3aQU1UFrpRBvBnB4,"Sept. 16","Man On The Moon III: The Chosen","Kid Cudi",2020-12-11,249040,51,false,1261674818,2026-05-29T12:16:57Z,"","Republic Records",0.646,0.645,4,-7.214,0,0.0338,0.764,0.114,0.137,0.473,140.987,4
spotify:track:0pJP1CN7lAE19EcgLsCfXX,"This woman","Only time will tell","Sean Riley & The Slowriders",2009-05-18,251026,27,false,1261674818,2026-05-29T12:16:57Z,"","NorteSul",0.452,0.599,0,-6.601,1,0.0257,0.0939,0.0339,0.14,0.201,147.163,4
spotify:track:4FtVUd9vTgYcV6GxkhQsU4,"A Wave","When You See Yourself","Kings of Leon",2021-03-05,323442,43,false,1261674818,2026-05-29T12:16:57Z,"","RCA Records Label",0.349,0.616,8,-8.502,1,0.0326,0.231,0.751,0.106,0.0623,158.029,4
spotify:track:2S9gFihm9UoDV9bywR4p9a,"Echoing","When You See Yourself","Kings of Leon",2021-03-05,217338,40,false,1261674818,2026-05-29T12:16:57Z,"","RCA Records Label",0.293,0.778,0,-5.581,1,0.034,0.0147,0.227,0.102,0.24,147.882,4
spotify:track:40e9kU9Wd4vbedqSA7Io4n,"Notion","Only By The Night","Kings of Leon",2008-09-23,180840,63,false,1261674818,2026-05-29T12:16:57Z,"","RCA/Legacy",0.433,0.887,4,-5.111,1,0.047,0.00597,0.0000287,0.119,0.426,142.968,4
spotify:track:5ka2ajep9OAvU5Sgduhiex,"Applause","ARTPOP","Lady Gaga",2013-11-11,212333,80,false,1261674818,2026-05-29T12:16:57Z,"art pop,pop","Interscope",0.668,0.78,7,-4.287,0,0.053,0.0265,0.00000163,0.143,0.738,139.945,4
spotify:track:1PBp3M4Dh1TO0D6kgL8GqA,"Such Small Scenes","Lewis Del Mar","Lewis Del Mar",2016-10-07,138173,39,false,1261674818,2026-05-29T12:16:57Z,"","StarTime International/Columbia",0.598,0.841,5,-6.652,0,0.0563,0.107,0.0000822,0.154,0.367,116.077,4
spotify:track:6nPGKnfvZtAEAZCNaXYthg,"swag lil yatchy","swag lil yatchy","Menó Felps;Caio Shock",2026-02-05,225880,37,true,1261674818,2026-05-29T12:16:57Z,"brazilian trap","Meno felps",0.818,0.53,8,-10.28,0,0.0629,0.128,0.00000393,0.0715,0.381,118.977,4
spotify:track:3T9ouQ0YeXLayMQ9eWPAda,"Andromeda","Andromeda","LXST CXNTURY",2019-12-26,216882,47,true,1261674818,2026-05-29T12:16:57Z,"drift phonk,phonk,witch house","WHY Z MUSIC",0.342,0.769,2,-10.055,1,0.0465,0.00821,0.428,0.0954,0.183,74.756,4
spotify:track:4yyX0nJqMpqaubcGdGsxx9,"ODIUM","UNIVERSE OF THE PAST","LXST CXNTURY;Kingpin Skinny Pimp",2019-09-23,166579,62,true,1261674818,2026-05-29T12:16:57Z,"drift phonk,phonk,witch house","WHY Z MUSIC",0.708,0.781,11,-8.267,0,0.0638,0.163,0.885,0.392,0.345,74.997,4
spotify:track:2777Hc3IVes9WDs8lphIQO,"VISION","THE SHADOW DOES NOT LET GO","LXST CXNTURY;Kingpin Skinny Pimp",2020-03-03,185677,25,true,1261674818,2026-05-29T12:17:00Z,"drift phonk,phonk,witch house","WHY Z MUSIC",0.394,0.715,10,-8.118,1,0.0566,0.00931,0.926,0.125,0.0582,113.687,4
spotify:track:388jD8ko9cvFM9cd9TYDrl,"ROS","GO:OD AM","Mac Miller",2015-09-18,343213,70,true,1261674818,2026-05-29T12:17:00Z,"","Warner Records",0.535,0.448,1,-8.919,0,0.175,0.601,0,0.376,0.284,120.554,4
spotify:track:7b8aKAUn1BB2k1clevj4aB,"Yeah - bonus","Faces","Mac Miller",2021-10-15,304192,57,true,1261674818,2026-05-29T12:17:00Z,"","Warner Records",0.511,0.793,8,-5.231,1,0.072,0.139,0.00000806,0.205,0.146,148.082,4
spotify:track:15EH2glphTjcarRjAsc0EB,"Straightenin","Culture III","Migos",2021-06-11,255023,62,true,1261674818,2026-05-29T12:17:00Z,"trap","Quality Control Music/Motown Records",0.848,0.625,9,-5.776,1,0.11,0.0319,0,0.101,0.106,135.957,4
spotify:track:4NCWqyJW2460aGgt6YYAJt,"Hunger","MAY GOD BLESS YOUR HUSTLE","MIKE",2017-06-21,69956,54,true,1261674818,2026-05-29T12:17:00Z,"experimental hip hop,alternative hip hop,jazz rap","10k",0.389,0.631,10,-7.485,1,0.083,0.875,0,0.392,0.603,137.324,4
spotify:track:6QNPZzxcWSlp34xTAXbTex,"sorcerer","who told you to think​?​?​!​!​?​!​?​!​?​!","Milo",2017-08-11,156558,30,true,1261674818,2026-05-29T12:17:00Z,"experimental hip hop,alternative hip hop","Ruby Yacht",0.532,0.609,8,-9.206,1,0.191,0.126,0.00000429,0.22,0.399,84.003,5
spotify:track:7wtU7N6R49UAbzQcLjRy5q,"if god didnt want us to snort worms he wouldn't have made them cylindrical!","effective. Power","MIMIDEATH",2020-03-05,58363,61,false,1261674818,2026-05-29T12:17:00Z,"breakcore,hyperpop,plunderphonics,speedcore","MIMIDEATH",0.703,0.743,5,-10.624,0,0.0299,0.0694,0.639,0.116,0.349,123.549,4
spotify:track:0yPlgpS4ZRDSpoebBjPzf1,"Veil Of Sun","Orbit Dance","MyGrain",2016-06-24,250293,15,false,1261674818,2026-05-29T12:17:00Z,"melodic death metal,death metal","Spinefarm FI",0.308,0.943,1,-4.493,1,0.113,0.000117,0.0269,0.147,0.252,83.771,4
spotify:track:5BPr2e452PSX9MMy93wsvo,"B.O.B.","B.O.B.","Outkast",2000-10-30,264021,13,false,1261674818,2026-05-29T12:17:00Z,"southern hip hop,hip hop","LaFace Records",0.729,0.986,8,-5.75,1,0.101,0.123,0,0.0448,0.618,153.926,4
spotify:track:2fmtrXfvbN8xkHwE0zgTTc,"on & on","on & on","piri;Tommy Villiers;piri & tommy",2022-07-28,135013,56,false,1261674818,2026-05-29T12:17:00Z,"uk garage,rally house,liquid funk,drum and bass","Polydor Records",0.609,0.765,4,-7.65,0,0.0633,0.149,0.017,0.0815,0.819,173.993,4
spotify:track:2m3Ek9HwwmKEVvvbKLE3nA,"Aftershock","Five Five","Pouya",2018-03-05,179783,59,true,1261674818,2026-05-29T12:17:00Z,"emo rap,trap metal,horrorcore,underground hip hop,cloud rap","Pouya Records / EMPIRE",0.743,0.731,7,-6.625,1,0.214,0.447,0,0.11,0.405,90.013,4
spotify:track:5AW4RDHdacNVptKdTxtE64,"LOGOUT","CARE FOR ME","Saba;Chance the Rapper",2018-04-05,150108,41,true,1261674818,2026-05-29T12:17:00Z,"","Pivot Gang, LLC",0.787,0.382,1,-9.983,1,0.45,0.0102,0,0.092,0.392,86.779,4
spotify:track:0s3uCUtZsslcr7CmH4hNAQ,"Ruh","Belirdi Gece","She Past Away",2019-01-18,312053,26,false,1261674818,2026-05-29T12:17:00Z,"darkwave,cold wave,post-punk,gothic rock,deathrock,ebm","Metropolis Records",0.518,0.908,6,-5.469,0,0.041,0.000178,0.845,0.407,0.495,144.083,4
spotify:track:0XLvbjUT1gNmvvk2FADFmC,"OPTIONS","OPTIONS","SHIFTY",2023-01-27,255000,14,false,1261674818,2026-05-29T12:17:00Z,"rally house,stutter house,house","PLATONIC RECORDS",0.739,0.479,6,-11.658,1,0.0684,0.351,0.854,0.103,0.239,128,4
spotify:track:3KVNGp2Qf1Y5eI2cAq5YHA,"ANDY","F*CK U SKRILLEX YOU THINK UR ANDY WARHOL BUT UR NOT!! <3","Skrillex;Dj Smokey",2025-04-01,112001,52,false,1261674818,2026-05-29T12:17:00Z,"dubstep,edm,electro,electronic,cloud rap,phonk,drift phonk","OWSLA/Atlantic",0.703,0.891,7,-3.904,0,0.162,0.0297,0.0901,0.12,0.684,75.006,4
spotify:track:1dcPaYn2FsLHgMfmbTneHt,"Numb","Without a Sound","Speech Patterns",2017-08-18,281065,35,false,1261674818,2026-05-29T12:17:00Z,"post-hardcore,metalcore","Speech Patterns",0.391,0.948,6,-2.683,0,0.0949,0.00015,0.000501,0.0923,0.347,160.047,3
spotify:track:50qKaM5yfef1GPjiyMZA5i,"FanTaise$","Fantaise$","Taiwere",2018-09-22,186288,47,true,1261674818,2026-05-29T12:17:00Z,"","Angitū",0.621,0.414,3,-10.038,1,0.0904,0.209,0.00000631,0.579,0.311,130.28,4
spotify:track:4LqkSEGv7SpGzruiSTkfL5,"Afterthought","Deadbeat","Tame Impala",2025-10-17,241783,71,false,1261674818,2026-05-29T12:17:00Z,"neo-psychedelic,indie","Columbia",0.638,0.903,7,-5.09,0,0.0429,0.0642,0.0000588,0.41,0.886,126.017,4
spotify:track:79chzfFIIq7cHkqcYYORk0,"Gossip","Currents","Tame Impala",2015-07-17,55413,64,false,1261674818,2026-05-29T12:17:00Z,"neo-psychedelic,indie","Universal Music Australia Pty. Ltd.",0.547,0.208,11,-17.949,0,0.0369,0.974,0.973,0.104,0.347,119.474,3
spotify:track:0j0majKoNlF7GkwA8xNQHG,"I Don't Really Mind","InnerSpeaker","Tame Impala",2010-05-21,227546,51,false,1261674818,2026-05-29T12:17:00Z,"neo-psychedelic,indie","Universal Music Australia Pty. Ltd.",0.464,0.831,6,-6.006,1,0.0724,0.599,0.0203,0.131,0.268,137.059,4
spotify:track:0EkSNB6MEWShrdqrh2S47l,"Island Walking","InnerSpeaker B-Sides & Remixes","Tame Impala",2011-05-27,184933,37,false,1261674818,2026-05-29T12:17:00Z,"neo-psychedelic,indie","Universal Music Australia Pty. Ltd.",0.186,0.701,0,-7.33,1,0.0563,0.73,0.343,0.112,0.318,151.755,4
spotify:track:01iiEi9h8CQGUN2K1xBbTj,"List Of People (To Try And Forget About)","Currents B-Sides & Remixes","Tame Impala",2017-11-16,279986,66,false,1261674818,2026-05-29T12:17:00Z,"neo-psychedelic,indie","Universal Music Australia Pty. Ltd.",0.409,0.792,10,-5.68,1,0.0415,0.0881,0.000576,0.103,0.195,95.072,4
spotify:track:33JMMgxQKL3zJsZeMNC3gR,"Nothing That Has Happened So Far Has Been Anything We Could Control","Lonerism","Tame Impala",2012-01-01,359946,53,false,1261674818,2026-05-29T12:17:00Z,"neo-psychedelic,indie","Modular",0.348,0.864,3,-3.564,1,0.0421,0.0444,0.483,0.0873,0.359,99.851,4
spotify:track:0R3QFfTXRPFQUoOXtqMt9S,"Fragile","Pressure + Heat","Conner O'Kane;Scott Carlin",2022-05-12,327151,48,false,1261674818,2026-05-29T12:17:00Z,"","Conner O'Kane",0.694,0.749,0,-6.688,1,0.0752,0.541,0.0000144,0.227,0.546,83.998,4
spotify:track:4LShR74rYXrT36hyOOMxDF,"Astonished Man","A Man Alive","Thao;Thao & The Get Down Stay Down",2016-03-04,209616,25,false,1261674818,2026-05-29T12:17:00Z,"","Ribbon Music",0.632,0.543,11,-7.351,0,0.047,0.00959,0.000727,0.192,0.398,80.992,4
spotify:track:5P9PQR7CM5YPEU2I3EypWM,"ABQ","Superclean, Vol. II","The Marías",2018-09-28,311035,59,false,1261674818,2026-05-29T12:17:00Z,"bedroom pop","Superclean Records",0.54,0.307,4,-16.191,0,0.0294,0.821,0.594,0.108,0.175,136.991,4
spotify:track:5WVWQQpBJqljbZtxo19CxS,"Calling U Back","CINEMA","The Marías",2021-06-25,199906,61,false,1261674818,2026-05-29T12:17:00Z,"bedroom pop","Nice Life/Atlantic",0.731,0.515,0,-7.584,1,0.122,0.385,0.00216,0.236,0.448,116.798,4
spotify:track:3h5zik31hTTat9jmpCZZNC,"1979","(Rotten Apples) The Smashing Pumpkins Greatest Hits","The Smashing Pumpkins",2001-01-01,263573,62,false,1261674818,2026-05-29T12:17:00Z,"alternative rock,rock","Virgin Records",0.768,0.782,3,-10.231,1,0.033,0.021,0.683,0.0802,0.964,127.042,4
spotify:track:5OrBIsslWd3xxKhTVha32S,"Dose","Factory Reset","Tilian",2021-04-23,235147,31,false,1261674818,2026-05-29T12:17:00Z,"post-hardcore","Rise Records",0.478,0.868,0,-4.404,1,0.0622,0.279,0,0.308,0.615,167.951,4
spotify:track:7gymMiUpp1AOYR5EiRDDrO,"Ethereal","Ethereal","Txmy",2023-10-22,168000,73,false,1261674818,2026-05-29T12:17:00Z,"","The System",0.0964,0.402,1,-13.073,1,0.0428,0.913,0.634,0.333,0.284,79.409,4
spotify:track:5y8WWi1BaKHXfuln0XoIZs,"Sunshine (feat. Anthony Hamilton)","Kamikaze","Twista;Anthony Hamilton",2004-01-27,226013,59,true,1261674818,2026-05-29T12:17:00Z,"neo soul,r&b,quiet storm","Atlantic Records",0.926,0.888,11,-5.337,1,0.294,0.261,0,0.348,0.819,98.523,4
spotify:track:13HsOwrwTA5HgLuoaDHncP,"RUNITUP (feat. Teezo Touchdown)","CALL ME IF YOU GET LOST","Tyler, The Creator;Teezo Touchdown",2021-06-25,229564,59,true,1261674818,2026-05-29T12:17:00Z,"","Columbia",0.665,0.469,10,-7.778,0,0.13,0.565,0.000317,0.219,0.142,115.852,4
spotify:track:6mOrpOrcC9RNaZK7EyblDQ,"Stage or Screen","Multi-Love","Unknown Mortal Orchestra",2015-05-26,206066,30,false,1261674818,2026-05-29T12:17:00Z,"neo-psychedelic","Jagjaguwar",0.382,0.741,3,-3.512,1,0.0391,0.0926,0.0000751,0.0953,0.393,106.929,4
spotify:track:734xplxSpoW22U5OeeZcr8,"Señorita","Summertime '06","Vince Staples",2015-06-30,188026,45,true,1261674818,2026-05-29T12:17:00Z,"","Def Jam Recordings",0.763,0.63,9,-8.258,0,0.142,0.0622,0.0000102,0.285,0.17,124.973,4
spotify:track:7GKiBHjFfvPRNqqOuRYqLB,"Summertime","Summertime '06","Vince Staples",2015-06-30,259213,47,true,1261674818,2026-05-29T12:17:00Z,"","Def Jam Recordings",0.446,0.593,11,-7.748,1,0.0597,0.0365,0.85,0.0988,0.0706,123.884,4
spotify:track:3tmHExo7Gq2KlBwFWQH271,"Dreams","To Plant a Seed","We Came As Romans",2009-11-03,255800,30,false,1261674818,2026-05-29T12:17:00Z,"metalcore,post-hardcore,screamo,metal","Equal Vision Records",0.198,0.987,2,-3.784,0,0.265,0.000901,0,0.0944,0.1,154.75,4
spotify:track:2ooF4088y5L72c4YTEJQoB,"YuNg BrAtZ","Revenge","XXXTENTACION",2017-05-16,101851,69,true,1261674818,2026-05-29T12:17:00Z,"emo rap","Bad Vibes Forever / EMPIRE",0.755,0.695,9,-5.963,1,0.26,0.0179,0,0.107,0.493,128.063,4
spotify:track:7hcjkFjIyw8vsUOVIDlcmS,"Old English","Old English - Single","Young Thug;A$AP Ferg;Freddie Gibbs",2014-07-01,201960,41,true,1261674818,2026-05-29T12:17:00Z,"rap,melodic rap,trap,jazz rap,alternative hip hop","Mass Appeal",0.809,0.799,1,-5.463,1,0.407,0.0404,0,0.353,0.744,81.94,4
spotify:track:3wqeJmXxIjJ16eGjKBqQwp,"LIFE","FROM ME TO YOU","YUI",2006-02-22,241373,52,false,1261674818,2026-05-29T12:17:00Z,"anime,j-pop,j-rock","Sony Music Labels Inc.",0.605,0.919,8,-2.357,0,0.0397,0.0317,0.00000972,0.0824,0.688,114.983,4
spotify:track:0P9rK38MhcujO35AHbRsF9,"AGORA","AGORA","YUNG DORI;$uicideboy$;RIVERSIDE JYNN",2019-05-02,219154,55,true,1261674818,2026-05-29T12:17:00Z,"emo rap,horrorcore,cloud rap,trap metal,underground hip hop","MURKMOB",0.537,0.4,9,-13.532,1,0.41,0.041,0,0.0917,0.153,145.86,4
